proba_class_0,proba_class_1,proba_class_2,proba_class_3,proba_class_4,proba_class_5,proba_class_6,proba_class_7,proba_class_8,proba_class_9,proba_class_10,proba_class_11,target
0.0,0.034084,0.322581,0.462568,0.178941,0.001826,0.000366,0.035165,0.29304,0.355678,0.313187,0.002564,1
0.0,0.009251,0.152636,0.476411,0.355227,0.006475,0.001415,0.025,0.207075,0.374528,0.386321,0.00566,1
0.001745,0.029668,0.319372,0.478185,0.168121,0.002909,0.000713,0.038146,0.293048,0.357932,0.308021,0.002139,1
0.0,0.025098,0.320134,0.475739,0.177914,0.001115,0.000697,0.035204,0.300105,0.342977,0.317881,0.003137,1
0.0,0.012265,0.219133,0.479967,0.286999,0.001635,0.000436,0.033115,0.240959,0.374728,0.347712,0.00305,1
0.0,0.025965,0.29494,0.454061,0.221704,0.003329,0.000385,0.031575,0.261456,0.362726,0.340393,0.003466,1
0.0,0.025175,0.262937,0.483916,0.224476,0.003497,0.001187,0.029284,0.253265,0.372378,0.341512,0.002374,1
0.001468,0.01909,0.215859,0.506608,0.251836,0.00514,0.000814,0.028083,0.25641,0.356532,0.354904,0.003256,1
0.000537,0.024181,0.324019,0.480387,0.168726,0.002149,0.000681,0.032368,0.299148,0.345486,0.319932,0.002385,1
0.000863,0.00604,0.195858,0.497843,0.289905,0.009491,0.0,0.03166,0.220715,0.385346,0.3564,0.00588,1
0.0,0.017015,0.218097,0.50348,0.257541,0.003867,0.000844,0.026993,0.249262,0.366512,0.354281,0.002109,1
0.003968,0.005952,0.128968,0.433532,0.409722,0.017857,0.0,0.022716,0.211852,0.376296,0.38321,0.005926,1
0.000633,0.035443,0.301266,0.459494,0.198101,0.005063,0.001127,0.034548,0.276005,0.348104,0.33834,0.001878,1
0.001074,0.037236,0.428571,0.423917,0.107769,0.001432,0.0,0.060772,0.402135,0.337531,0.198467,0.001095,1
0.0,0.052571,0.45165,0.408289,0.085572,0.001919,0.00114,0.062999,0.459236,0.285348,0.190137,0.00114,1
0.000343,0.030542,0.427248,0.427248,0.112903,0.001716,0.00214,0.070875,0.392886,0.352768,0.179995,0.001337,1
0.000987,0.028628,0.390918,0.441264,0.134255,0.003949,0.000652,0.031606,0.289997,0.358423,0.317367,0.001955,1
0.000444,0.042222,0.416,0.423111,0.113778,0.004444,0.000923,0.04059,0.346863,0.345326,0.263838,0.00246,1
0.000996,0.046133,0.466976,0.397942,0.08762,0.000332,0.003399,0.067712,0.431373,0.346144,0.150327,0.001046,1
0.0,0.061165,0.500324,0.354693,0.082524,0.001294,0.004363,0.077259,0.513347,0.284908,0.11884,0.001283,1
0.000374,0.052415,0.459379,0.408836,0.078622,0.000374,0.000281,0.066835,0.465038,0.278573,0.188149,0.001123,1
0.000396,0.04711,0.448535,0.407759,0.094616,0.001584,0.000289,0.066493,0.427869,0.299509,0.204973,0.000867,1
0.000836,0.048495,0.417224,0.438127,0.0949,0.000418,0.000596,0.053008,0.390113,0.323407,0.231388,0.001489,1
0.024924,0.186018,0.606383,0.145593,0.03617,0.000912,0.006162,0.133103,0.548928,0.236135,0.075179,0.000493,1
0.005364,0.102872,0.577785,0.26065,0.052698,0.000631,0.01213,0.135709,0.547637,0.208997,0.094011,0.001516,1
0.000701,0.032925,0.422767,0.443433,0.098774,0.001401,0.0,0.066757,0.38027,0.353784,0.198108,0.001081,1
0.000477,0.041985,0.398855,0.43416,0.122137,0.002385,0.0,0.034527,0.295077,0.36509,0.303389,0.001918,1
0.001277,0.074393,0.519157,0.331418,0.072478,0.001277,0.009929,0.101069,0.544297,0.238544,0.105143,0.001018,1
0.0,0.025694,0.36742,0.450668,0.153649,0.002569,0.000333,0.033633,0.287046,0.362304,0.314019,0.002664,1
0.001291,0.043048,0.410245,0.4322,0.111924,0.001291,0.000303,0.047273,0.361818,0.344545,0.242424,0.003636,1
0.001837,0.044097,0.409738,0.428571,0.113918,0.001837,0.000313,0.03786,0.316333,0.356696,0.287547,0.001252,1
0.011243,0.141162,0.624922,0.183948,0.038413,0.000312,0.012563,0.161558,0.557286,0.183417,0.084422,0.000754,1
0.001216,0.046615,0.445886,0.405351,0.099311,0.001621,0.0,0.06408,0.406232,0.313639,0.214286,0.001764,1
0.001098,0.045038,0.450018,0.40974,0.093006,0.001098,0.000554,0.061253,0.439302,0.310976,0.186807,0.001109,1
0.000656,0.050197,0.491798,0.378937,0.078084,0.000328,0.004138,0.067753,0.471166,0.324541,0.130592,0.00181,1
0.017086,0.17521,0.626903,0.147561,0.031998,0.001243,0.00995,0.162189,0.567164,0.189303,0.069652,0.001741,1
0.021846,0.188923,0.624615,0.129231,0.034462,0.000923,0.006929,0.153427,0.561,0.204652,0.073002,0.00099,1
0.0,0.041582,0.439148,0.410751,0.108181,0.000338,0.003165,0.075178,0.403324,0.354524,0.163281,0.000528,1
0.0,0.256306,0.575225,0.113063,0.054955,0.00045,0.003323,0.137001,0.708272,0.111152,0.039143,0.001108,1
0.001735,0.287077,0.555074,0.089332,0.064614,0.002168,0.008168,0.180398,0.695312,0.086648,0.028409,0.001065,1
0.000885,0.276426,0.565237,0.102609,0.053516,0.001327,0.010116,0.148121,0.699422,0.104046,0.037572,0.000723,1
0.001614,0.287732,0.476594,0.131558,0.102502,0.0,0.035255,0.253707,0.602965,0.0771,0.030972,0.0,1
0.002618,0.189978,0.474196,0.176515,0.155198,0.001496,0.062694,0.295469,0.552762,0.067039,0.020795,0.001241,1
0.000843,0.289086,0.520438,0.115044,0.072482,0.002107,0.007182,0.203488,0.660739,0.098495,0.02907,0.001026,1
0.001141,0.227463,0.492202,0.147204,0.128946,0.003043,0.058099,0.286391,0.569624,0.059994,0.025576,0.000316,1
0.002573,0.169423,0.506431,0.167218,0.153988,0.000368,0.048472,0.307873,0.509988,0.106052,0.027321,0.000294,1
0.003337,0.146088,0.55469,0.178346,0.116055,0.001483,0.027998,0.26902,0.545953,0.117468,0.037736,0.001826,1
0.002215,0.184939,0.45515,0.179033,0.178295,0.000369,0.058787,0.306864,0.534934,0.073869,0.025239,0.000308,1
0.001131,0.202035,0.48775,0.158688,0.148511,0.001885,0.063537,0.274804,0.576526,0.060094,0.024726,0.000313,1
0.001288,0.291845,0.538197,0.098712,0.069099,0.000858,0.009062,0.197978,0.670965,0.085744,0.035552,0.000697,1
0.000415,0.294313,0.493981,0.127439,0.082607,0.001245,0.012471,0.219414,0.644759,0.09336,0.028986,0.001011,1
0.000398,0.280143,0.477915,0.131317,0.109829,0.000398,0.036577,0.272698,0.584259,0.079686,0.02678,0.0,1
0.000722,0.183622,0.462121,0.155123,0.197691,0.000722,0.06067,0.291277,0.549653,0.069423,0.028071,0.000906,1
0.000363,0.159536,0.508339,0.138506,0.190718,0.002538,0.048037,0.304628,0.527827,0.091095,0.027241,0.001172,1
0.000392,0.27708,0.482339,0.121664,0.117739,0.000785,0.047588,0.303658,0.563289,0.059566,0.025251,0.000647,1
0.001472,0.181751,0.513981,0.157469,0.14312,0.002208,0.038575,0.311543,0.523557,0.098645,0.027385,0.000294,1
0.001859,0.18743,0.467832,0.177761,0.16363,0.001488,0.064387,0.299754,0.540049,0.069932,0.025262,0.000616,1
0.00036,0.17224,0.488314,0.142754,0.194894,0.001438,0.051078,0.302332,0.552406,0.06584,0.027163,0.001181,1
0.001154,0.262308,0.480769,0.132692,0.122308,0.000769,0.059753,0.298451,0.561808,0.05596,0.021499,0.002529,1
0.000739,0.153789,0.539002,0.178558,0.127911,0.0,0.032625,0.280156,0.553726,0.098773,0.033523,0.001197,1
0.002149,0.169054,0.465974,0.159384,0.202364,0.001074,0.057692,0.283053,0.558293,0.072416,0.028546,0.0,1
0.000369,0.167282,0.524372,0.166913,0.140694,0.000369,0.035999,0.289466,0.552375,0.087046,0.034228,0.000885,1
0.001811,0.180007,0.462151,0.157552,0.198117,0.000362,0.061669,0.304716,0.537787,0.069528,0.024788,0.001511,1
0.000714,0.173386,0.460935,0.15305,0.210846,0.00107,0.044984,0.282036,0.57739,0.068659,0.025747,0.001184,1
0.000362,0.169982,0.495841,0.135624,0.196383,0.001808,0.046082,0.301732,0.54887,0.0769,0.025829,0.000587,1
0.001073,0.172809,0.474419,0.146333,0.204293,0.001073,0.049793,0.295791,0.560759,0.067872,0.025489,0.000296,1
0.001109,0.152367,0.549556,0.175666,0.120562,0.00074,0.036188,0.274427,0.541013,0.10766,0.038902,0.001809,1
0.001427,0.173324,0.465763,0.156205,0.202568,0.000713,0.055869,0.282615,0.558395,0.077563,0.025557,0.0,1
0.002335,0.271206,0.48677,0.115175,0.124514,0.0,0.053812,0.314222,0.548046,0.061819,0.020179,0.001922,1
0.000714,0.172081,0.462335,0.15673,0.207069,0.001071,0.053361,0.274175,0.565153,0.081368,0.025649,0.000295,1
0.000409,0.300736,0.477087,0.125614,0.095336,0.000818,0.023604,0.239362,0.62367,0.084109,0.029255,0.0,1
0.001831,0.18528,0.455145,0.171366,0.185646,0.000732,0.060355,0.311275,0.54136,0.063725,0.021446,0.001838,1
0.002184,0.188205,0.456862,0.160175,0.191118,0.001456,0.064614,0.309357,0.537946,0.0637,0.024078,0.000305,1
0.004603,0.091439,0.272783,0.356551,0.27401,0.000614,0.000344,0.037139,0.20392,0.339409,0.418157,0.001032,1
0.002597,0.085065,0.344805,0.333442,0.233442,0.000649,0.003362,0.055286,0.247665,0.331715,0.360852,0.001121,1
0.00331,0.072162,0.359484,0.349884,0.214167,0.000993,0.002298,0.056683,0.295672,0.31712,0.327844,0.000383,1
0.005934,0.097127,0.291068,0.350718,0.253592,0.001562,0.0,0.03196,0.270241,0.332741,0.363281,0.001776,1
0.004673,0.090654,0.275078,0.352336,0.276636,0.000623,0.000705,0.029598,0.260747,0.344609,0.363636,0.000705,1
0.003611,0.072554,0.338477,0.362771,0.222259,0.000328,0.001512,0.05291,0.26644,0.312169,0.366591,0.000378,1
0.000344,0.033333,0.353265,0.382474,0.230241,0.000344,0.001197,0.040287,0.344635,0.322298,0.290387,0.001197,1
0.00034,0.040747,0.370798,0.364686,0.22275,0.000679,0.000787,0.043273,0.345791,0.306452,0.303304,0.000393,1
0.004155,0.105785,0.286673,0.370406,0.232982,0.0,0.002558,0.042032,0.238304,0.335892,0.381213,0.0,1
0.005145,0.092605,0.310611,0.35209,0.23955,0.0,0.002953,0.050941,0.23588,0.325212,0.384644,0.000369,1
0.002677,0.054552,0.366466,0.354418,0.220884,0.001004,0.0,0.043495,0.289709,0.328544,0.338252,0.0,1
0.005581,0.093333,0.283101,0.334574,0.282481,0.00093,0.00105,0.037439,0.257873,0.348146,0.354444,0.00105,1
0.003085,0.083925,0.253008,0.354829,0.303919,0.001234,0.000693,0.033945,0.223762,0.347766,0.393142,0.000693,1
0.002155,0.090517,0.263547,0.366995,0.275862,0.000924,0.00069,0.038302,0.214631,0.325397,0.4196,0.00138,1
0.004713,0.105247,0.299403,0.346214,0.244109,0.000314,0.000357,0.027133,0.257051,0.338451,0.376294,0.000714,1
0.003816,0.103021,0.312242,0.340223,0.240064,0.000636,0.00181,0.03874,0.253077,0.317161,0.388125,0.001086,1
0.002165,0.082895,0.247758,0.346118,0.320136,0.000928,0.001044,0.031326,0.213714,0.344588,0.408632,0.000696,1
0.004601,0.095399,0.288344,0.363804,0.246933,0.00092,0.001716,0.041538,0.220391,0.333333,0.402334,0.000687,1
0.004744,0.111954,0.283365,0.348514,0.250474,0.000949,0.001439,0.032734,0.260791,0.328417,0.376619,0.0,1
0.0,0.02887,0.34713,0.390957,0.233043,0.0,0.001214,0.028329,0.335492,0.335896,0.297855,0.001214,1
0.000685,0.039712,0.213968,0.272509,0.472099,0.001027,0.002945,0.046698,0.237274,0.339083,0.372739,0.001262,1
0.002959,0.068047,0.226496,0.276463,0.424063,0.001972,0.004062,0.054833,0.227457,0.325345,0.387896,0.000406,1
0.003585,0.059322,0.214798,0.286832,0.434485,0.000978,0.006808,0.069684,0.245495,0.319984,0.355627,0.002403,1
0.000998,0.048902,0.196939,0.279441,0.471723,0.001996,0.002046,0.040507,0.200082,0.336334,0.418576,0.002455,1
0.002145,0.03754,0.224884,0.274222,0.460851,0.000358,0.003863,0.050215,0.264807,0.370386,0.3103,0.000429,1
0.001983,0.063781,0.204891,0.271976,0.453404,0.003966,0.003263,0.047716,0.227569,0.332382,0.388254,0.000816,1
0.00035,0.030834,0.218991,0.269446,0.479678,0.000701,0.0017,0.044624,0.243519,0.360816,0.348916,0.000425,1
0.000354,0.037155,0.228592,0.268224,0.463199,0.002477,0.002986,0.045222,0.270478,0.357509,0.323379,0.000427,1
0.003012,0.049531,0.232932,0.269411,0.442436,0.002677,0.003702,0.043603,0.23406,0.340601,0.376388,0.001645,1
0.003258,0.06419,0.216357,0.282177,0.430759,0.003258,0.008464,0.062878,0.247481,0.32366,0.355099,0.002418,1
0.001357,0.034611,0.220224,0.283,0.459111,0.001697,0.003343,0.038863,0.224405,0.340995,0.390723,0.001672,1
0.003268,0.066667,0.20915,0.280065,0.439542,0.001307,0.004854,0.059061,0.244741,0.322816,0.367718,0.000809,1
0.001039,0.033587,0.229224,0.257618,0.478186,0.000346,0.001688,0.044745,0.257493,0.346982,0.34656,0.002533,1
0.002602,0.060813,0.205854,0.292358,0.436098,0.002276,0.006838,0.063154,0.233709,0.326227,0.367659,0.002414,1
0.00135,0.035787,0.213032,0.274477,0.472991,0.002363,0.004551,0.043856,0.215556,0.332644,0.401324,0.002069,1
0.001968,0.058052,0.224336,0.295507,0.418498,0.00164,0.003215,0.067524,0.252412,0.305868,0.369775,0.001206,1
0.002332,0.0493,0.266822,0.303797,0.375083,0.002665,0.005291,0.066748,0.252747,0.320716,0.351648,0.002849,1
0.001978,0.049456,0.260468,0.297066,0.389383,0.001649,0.004852,0.071169,0.237364,0.298423,0.384958,0.003235,1
0.002614,0.054902,0.213399,0.289869,0.436601,0.002614,0.007618,0.062149,0.262229,0.31235,0.35405,0.001604,1
0.018389,0.187099,0.350555,0.272037,0.170753,0.001168,0.0178,0.160199,0.321823,0.262371,0.236383,0.001424,1
0.008749,0.136191,0.340916,0.32021,0.193059,0.000875,0.006489,0.11788,0.281903,0.320115,0.272531,0.001081,1
0.024368,0.227231,0.326226,0.248858,0.172403,0.000914,0.022693,0.159598,0.338542,0.247024,0.232143,0.0,1
0.026082,0.194132,0.341434,0.261114,0.176941,0.000296,0.016955,0.140693,0.295094,0.283911,0.263348,0.0,1
0.00544,0.115745,0.327894,0.322756,0.227561,0.000604,0.005167,0.100954,0.282591,0.307631,0.300079,0.003577,1
0.008132,0.135347,0.336625,0.32007,0.199535,0.00029,0.008226,0.130186,0.288627,0.294349,0.278255,0.000358,1
0.007596,0.123284,0.312007,0.337131,0.21823,0.001753,0.006553,0.089916,0.314525,0.311977,0.274481,0.002548,1
0.005891,0.110162,0.318704,0.342268,0.22268,0.000295,0.004061,0.089332,0.29199,0.31746,0.295681,0.001477,1
0.025587,0.207405,0.330524,0.266406,0.169476,0.000602,0.02052,0.150971,0.327226,0.264566,0.23635,0.000366,1
0.024431,0.193793,0.352261,0.245626,0.183229,0.00066,0.020467,0.169464,0.358166,0.26975,0.180516,0.001637,1
0.030711,0.221247,0.319336,0.249138,0.178941,0.000627,0.0252,0.180985,0.337915,0.252005,0.203513,0.000382,1
0.031751,0.229346,0.318434,0.254316,0.165536,0.000617,0.026196,0.193242,0.313212,0.254366,0.212225,0.000759,1
0.019538,0.192718,0.343398,0.263766,0.180284,0.000296,0.013704,0.140642,0.30256,0.283448,0.259647,0.0,1
0.029092,0.201726,0.321292,0.255435,0.191176,0.001279,0.023603,0.190795,0.335956,0.257671,0.190401,0.001574,1
0.008983,0.146914,0.327731,0.301941,0.213561,0.000869,0.010302,0.140675,0.302664,0.293428,0.252575,0.000355,1
0.014582,0.190726,0.330417,0.277924,0.185768,0.000583,0.014174,0.163359,0.316442,0.273565,0.231042,0.001417,1
0.0055,0.104797,0.304308,0.340361,0.243507,0.001528,0.005733,0.095004,0.269451,0.312039,0.316544,0.001229,1
0.019877,0.195265,0.349605,0.259573,0.17568,0.0,0.01213,0.153407,0.315733,0.276133,0.242597,0.0,1
0.017069,0.191583,0.345497,0.260153,0.185697,0.0,0.012178,0.141117,0.315186,0.280444,0.249284,0.001791,1
0.033323,0.214308,0.335371,0.242128,0.174259,0.000611,0.024087,0.183666,0.324426,0.246142,0.220926,0.000753,1
0.014493,0.169275,0.325797,0.287246,0.202899,0.00029,0.012385,0.160651,0.311748,0.287332,0.226822,0.001062,1
0.031008,0.19832,0.33301,0.261951,0.175388,0.000323,0.017935,0.189717,0.332802,0.259067,0.199681,0.000797,1
0.006082,0.143064,0.32841,0.31364,0.208225,0.000579,0.008188,0.135635,0.284799,0.302599,0.268067,0.000712,1
0.023624,0.212022,0.331041,0.263158,0.170156,0.0,0.019266,0.137405,0.309706,0.273719,0.259542,0.000364,1
0.037819,0.202962,0.327135,0.246139,0.184998,0.000945,0.025165,0.186605,0.339915,0.248161,0.198993,0.001161,1
0.019147,0.179867,0.346678,0.27125,0.182478,0.00058,0.014841,0.160071,0.313781,0.272438,0.238516,0.000353,1
0.010731,0.162123,0.326856,0.289443,0.210557,0.00029,0.00924,0.1457,0.31592,0.288202,0.240227,0.000711,1
0.027823,0.196727,0.343699,0.252373,0.178723,0.000655,0.022975,0.172914,0.358726,0.25393,0.190649,0.000806,1
0.003852,0.119407,0.311704,0.341926,0.222815,0.000296,0.004506,0.085242,0.307923,0.331581,0.268119,0.002629,1
0.018475,0.169298,0.359758,0.254619,0.196842,0.001008,0.020383,0.160982,0.357321,0.276622,0.184276,0.000416,1
0.000842,0.20893,0.663016,0.070767,0.052233,0.004212,0.000833,0.029155,0.628488,0.267389,0.070387,0.003748,2
0.0,0.174905,0.623574,0.131179,0.06749,0.002852,0.0,0.014885,0.594497,0.306721,0.082093,0.001804,2
0.000801,0.233787,0.646918,0.068855,0.042434,0.007206,0.000404,0.029863,0.646086,0.252623,0.069411,0.001614,2
0.003064,0.153218,0.596527,0.167518,0.072523,0.00715,0.00047,0.018336,0.54725,0.346497,0.083686,0.003761,2
0.002092,0.249651,0.612971,0.075314,0.05788,0.002092,0.000738,0.023976,0.687569,0.239764,0.046846,0.001107,2
0.002676,0.191793,0.645852,0.091882,0.063336,0.00446,0.0,0.013859,0.604591,0.299697,0.080554,0.001299,2
0.013191,0.31862,0.523085,0.099949,0.04414,0.001015,0.038701,0.263058,0.508796,0.152368,0.035995,0.001083,2
0.021053,0.423058,0.463659,0.059649,0.031579,0.001003,0.043422,0.243834,0.551644,0.128212,0.031603,0.001285,2
0.017597,0.402212,0.46003,0.07994,0.039216,0.001006,0.03512,0.252081,0.526015,0.153746,0.032518,0.00052,2
0.018519,0.404404,0.473974,0.064064,0.038038,0.001001,0.036711,0.247673,0.542141,0.13909,0.033351,0.001034,2
0.018154,0.374685,0.477559,0.085729,0.04236,0.001513,0.041063,0.257173,0.527244,0.141879,0.030798,0.001843,2
0.020161,0.384073,0.474294,0.077621,0.041835,0.002016,0.033752,0.25484,0.52381,0.154108,0.032705,0.000785,2
0.029862,0.262868,0.460904,0.179175,0.066012,0.001179,0.025658,0.30302,0.531341,0.107502,0.031504,0.000974,2
0.001255,0.181096,0.529904,0.222083,0.063572,0.002091,0.001722,0.278333,0.567,0.11712,0.034447,0.001378,2
0.000849,0.185059,0.541171,0.205008,0.067487,0.000424,0.001049,0.281119,0.565734,0.11993,0.031818,0.00035,2
0.002161,0.203111,0.538029,0.199222,0.055748,0.001729,0.001065,0.267401,0.583807,0.111861,0.034091,0.001776,2
0.001031,0.218557,0.418557,0.263402,0.097423,0.001031,0.000835,0.234558,0.605593,0.117696,0.038397,0.002922,2
0.004115,0.203018,0.484682,0.234568,0.072702,0.000914,0.000749,0.246067,0.58427,0.131835,0.037079,0.0,2
0.00403,0.203314,0.516346,0.206897,0.068966,0.000448,0.002943,0.240986,0.595659,0.128403,0.031273,0.000736,2
0.007317,0.220325,0.48252,0.20935,0.079675,0.000813,0.010749,0.275109,0.554249,0.121935,0.03527,0.002687,2
0.003953,0.203777,0.534475,0.195872,0.061045,0.000878,0.002164,0.252795,0.593942,0.117202,0.032816,0.001082,2
0.002332,0.19916,0.478078,0.236007,0.082556,0.001866,0.001144,0.250191,0.59344,0.120519,0.033944,0.000763,2
0.002923,0.20945,0.444715,0.242572,0.09888,0.001461,0.001594,0.249502,0.597449,0.115584,0.033878,0.001993,2
0.001059,0.226575,0.421387,0.24775,0.101641,0.001588,0.00086,0.218831,0.61307,0.127257,0.038263,0.00172,2
0.001907,0.214967,0.440896,0.255958,0.084843,0.00143,0.001561,0.252829,0.599298,0.111978,0.032384,0.001951,2
0.020701,0.259554,0.469347,0.181927,0.066879,0.001592,0.016793,0.294369,0.540994,0.116233,0.030622,0.000988,2
0.015669,0.241864,0.470068,0.200884,0.070309,0.001205,0.011944,0.28633,0.548441,0.116788,0.034174,0.002322,2
0.002503,0.213213,0.435435,0.251251,0.096597,0.001001,0.000407,0.237979,0.599837,0.120619,0.039935,0.001222,2
0.002057,0.203209,0.497738,0.224188,0.071987,0.000823,0.006796,0.276249,0.562012,0.119606,0.035338,0.0,2
0.0,0.085661,0.361266,0.391993,0.155493,0.005587,0.002185,0.088857,0.296431,0.419519,0.188638,0.00437,2
0.0,0.183526,0.456647,0.24422,0.111272,0.004335,0.006482,0.08957,0.517384,0.26046,0.123748,0.002357,2
0.000567,0.253968,0.518141,0.154195,0.069728,0.003401,0.003839,0.095969,0.59357,0.21737,0.086852,0.002399,2
0.001361,0.33787,0.507315,0.112283,0.039469,0.001701,0.032638,0.188274,0.629193,0.110607,0.039287,0.0,2
0.002988,0.075697,0.334661,0.393426,0.180279,0.012948,0.003103,0.064391,0.259116,0.456943,0.212568,0.003879,2
0.000755,0.262085,0.504909,0.179381,0.05136,0.001511,0.00527,0.118248,0.612648,0.20751,0.055995,0.000329,2
0.000928,0.248609,0.507885,0.170223,0.070037,0.002319,0.003995,0.080703,0.546145,0.293648,0.073911,0.001598,2
0.000419,0.26005,0.473199,0.197655,0.065327,0.00335,0.004356,0.093285,0.553176,0.279129,0.068603,0.001452,2
0.000476,0.25,0.526667,0.154286,0.067143,0.001429,0.002457,0.08231,0.561835,0.279279,0.072891,0.001229,2
0.0004,0.29,0.45,0.1988,0.0588,0.002,0.004528,0.096482,0.58551,0.249042,0.064089,0.000348,2
0.0,0.110024,0.409943,0.321923,0.149959,0.00815,0.003906,0.095052,0.391927,0.335938,0.172526,0.000651,2
0.0,0.148659,0.419157,0.295785,0.133333,0.003065,0.003094,0.094678,0.451114,0.30755,0.139851,0.003713,2
0.002295,0.345246,0.513443,0.098361,0.039016,0.001639,0.042874,0.216736,0.591366,0.112951,0.034891,0.001183,2
0.002601,0.20026,0.522757,0.173602,0.09883,0.001951,0.00973,0.098378,0.594595,0.2,0.096757,0.000541,2
0.0,0.240685,0.487794,0.194004,0.076231,0.001285,0.004833,0.090706,0.551673,0.281413,0.068773,0.002602,2
0.000617,0.219482,0.523428,0.173243,0.077682,0.005549,0.006736,0.1,0.59171,0.209845,0.087565,0.004145,2
0.001049,0.24279,0.511799,0.171998,0.070792,0.001573,0.002686,0.102954,0.594002,0.216204,0.07923,0.004924,2
0.0,0.234875,0.517539,0.175394,0.069649,0.002542,0.003047,0.08707,0.589029,0.23596,0.083152,0.001741,2
0.000984,0.244466,0.521889,0.157403,0.072307,0.002951,0.003378,0.087838,0.570524,0.259291,0.076436,0.002534,2
0.001991,0.376576,0.497014,0.087923,0.035501,0.000995,0.03777,0.221523,0.607314,0.098022,0.035072,0.0003,2
0.000593,0.238434,0.520166,0.163108,0.076512,0.001186,0.002006,0.095787,0.581244,0.232197,0.08676,0.002006,2
0.001567,0.290361,0.454154,0.198668,0.054859,0.000392,0.004432,0.106035,0.599727,0.227753,0.060689,0.001364,2
0.001944,0.348235,0.511824,0.102041,0.035309,0.000648,0.039601,0.215606,0.585802,0.118803,0.039601,0.000587,2
0.000336,0.357888,0.518668,0.084427,0.038009,0.000673,0.0322,0.207042,0.617815,0.105327,0.037617,0.0,2
0.001733,0.101386,0.37695,0.368284,0.149047,0.0026,0.001379,0.090345,0.334483,0.390345,0.175862,0.007586,2
0.000372,0.244329,0.535515,0.166233,0.05132,0.002231,0.00455,0.137472,0.604485,0.198895,0.053624,0.000975,2
0.001369,0.197125,0.490075,0.201916,0.101985,0.007529,0.008455,0.095829,0.547914,0.239008,0.106539,0.002255,2
0.001638,0.27846,0.457412,0.197789,0.063473,0.001229,0.004281,0.08705,0.581877,0.258651,0.067785,0.000357,2
0.000355,0.309684,0.506208,0.141185,0.040795,0.001774,0.016859,0.163597,0.626288,0.148923,0.04246,0.001873,2
0.001754,0.224123,0.502632,0.200877,0.069737,0.000877,0.004189,0.094821,0.543412,0.284082,0.071973,0.001523,2
0.001036,0.328961,0.509147,0.114601,0.044529,0.001726,0.027548,0.180594,0.633609,0.118151,0.039486,0.000612,2
0.000701,0.3178,0.502102,0.133847,0.044499,0.001051,0.020698,0.173926,0.637627,0.125425,0.041705,0.000618,2
0.00036,0.273514,0.537658,0.143063,0.043964,0.001441,0.007581,0.168667,0.610234,0.162666,0.050537,0.000316,2
0.000384,0.269689,0.484441,0.191318,0.051095,0.003073,0.005376,0.112231,0.611559,0.211694,0.057796,0.001344,2
0.000366,0.251646,0.536576,0.157644,0.053036,0.000732,0.007031,0.168105,0.592841,0.177373,0.053052,0.001598,2
0.0,0.227477,0.515315,0.18964,0.066216,0.001351,0.003498,0.085115,0.537505,0.303537,0.067625,0.002721,2
0.001089,0.252723,0.521242,0.152505,0.069717,0.002723,0.004171,0.10519,0.605653,0.205746,0.076923,0.002317,2
0.002947,0.310934,0.506926,0.136163,0.041261,0.001768,0.02831,0.222702,0.569156,0.135886,0.042869,0.001078,2
0.002538,0.397843,0.479378,0.083439,0.036802,0.0,0.048182,0.249856,0.53693,0.129544,0.034622,0.000866,2
0.001164,0.192957,0.555588,0.194121,0.055297,0.000873,0.021733,0.203917,0.57553,0.150523,0.046955,0.001342,2
0.001462,0.238959,0.544604,0.170518,0.043288,0.00117,0.027696,0.217532,0.572466,0.136058,0.044367,0.001882,2
0.00689,0.389754,0.462552,0.105752,0.034152,0.000899,0.032469,0.218554,0.563438,0.144611,0.040382,0.000546,2
0.006968,0.386852,0.466828,0.102393,0.03605,0.000909,0.031301,0.216914,0.559583,0.149643,0.041735,0.000824,2
0.006222,0.359704,0.502519,0.093926,0.03763,0.0,0.038503,0.231833,0.590022,0.10602,0.033623,0.0,2
0.003426,0.41171,0.45967,0.092806,0.032389,0.0,0.040498,0.256868,0.543755,0.120646,0.03795,0.000283,2
0.008429,0.384708,0.466887,0.104455,0.034919,0.000602,0.035734,0.21222,0.556465,0.148663,0.045827,0.001091,2
0.006851,0.38457,0.479595,0.090855,0.038129,0.0,0.036967,0.224518,0.580049,0.122044,0.036423,0.0,2
0.002038,0.209607,0.553712,0.179622,0.054148,0.000873,0.026506,0.203748,0.569478,0.149933,0.048996,0.001339,2
0.004426,0.331366,0.517262,0.107111,0.038654,0.00118,0.029483,0.235055,0.571004,0.120368,0.043278,0.000811,2
0.003508,0.230342,0.545455,0.180064,0.039462,0.001169,0.026506,0.209639,0.585542,0.13253,0.044444,0.001339,2
0.006096,0.398659,0.452911,0.106065,0.034746,0.001524,0.033416,0.221486,0.562552,0.143607,0.037559,0.001381,2
0.001923,0.374359,0.49359,0.090385,0.038462,0.001282,0.043757,0.22112,0.567095,0.131272,0.036173,0.000583,2
0.000875,0.182959,0.536329,0.224686,0.053691,0.001459,0.01825,0.193237,0.588298,0.14949,0.050456,0.000268,2
0.001455,0.172002,0.559371,0.21624,0.05064,0.000291,0.014777,0.172488,0.611768,0.15798,0.041376,0.001612,2
0.001167,0.171579,0.57368,0.209804,0.04377,0.0,0.014741,0.158939,0.635486,0.147146,0.042884,0.000804,2
0.004637,0.401546,0.469552,0.091808,0.03153,0.000927,0.036175,0.24313,0.556646,0.127314,0.035895,0.000841,2
0.004598,0.403433,0.446965,0.112201,0.032189,0.000613,0.032285,0.227108,0.570554,0.130532,0.038686,0.000835,2
0.001457,0.167832,0.550699,0.226107,0.052739,0.001166,0.016363,0.1875,0.588251,0.161212,0.045601,0.001073,2
0.002345,0.279977,0.513339,0.158605,0.044855,0.00088,0.029356,0.209803,0.574737,0.142203,0.042284,0.001616,2
0.00263,0.2218,0.552309,0.176213,0.045003,0.002046,0.02571,0.204339,0.58436,0.139261,0.044456,0.001875,2
0.001758,0.254029,0.52593,0.168473,0.048345,0.001465,0.022354,0.224616,0.555346,0.150283,0.045516,0.001885,2
0.002516,0.419182,0.455975,0.086792,0.03522,0.000314,0.048355,0.250644,0.541059,0.122461,0.037196,0.000286,2
0.002013,0.104151,0.735597,0.117233,0.040755,0.000252,0.003171,0.13253,0.734306,0.101458,0.027901,0.000634,2
0.002487,0.090773,0.724198,0.138025,0.044019,0.000497,0.002817,0.099531,0.737715,0.131142,0.027543,0.001252,2
0.003379,0.122953,0.743177,0.09072,0.038731,0.00104,0.001645,0.118092,0.728618,0.117105,0.032237,0.002303,2
0.001673,0.080325,0.731054,0.141525,0.043988,0.001434,0.0003,0.089982,0.69916,0.175465,0.033893,0.0012,2
0.003774,0.093182,0.735079,0.121963,0.045058,0.000944,0.001482,0.140231,0.689594,0.136674,0.031723,0.000296,2
0.001871,0.109916,0.730122,0.112488,0.043732,0.001871,0.002639,0.216945,0.668719,0.080915,0.03049,0.000293,2
0.002172,0.078446,0.720492,0.153029,0.045619,0.000241,0.001518,0.088369,0.692074,0.184938,0.031886,0.001215,2
0.017101,0.151825,0.655057,0.138895,0.036496,0.000626,0.006029,0.17405,0.676802,0.114286,0.027785,0.001048,2
0.005984,0.12267,0.701496,0.129574,0.039586,0.00069,0.010614,0.300057,0.600402,0.062249,0.026678,0.0,2
0.001962,0.080186,0.722658,0.149828,0.044385,0.000981,0.000924,0.08906,0.714946,0.160555,0.03359,0.000924,2
0.002816,0.126472,0.733487,0.096262,0.040963,0.0,0.002914,0.14406,0.72742,0.095824,0.028164,0.001619,2
0.003479,0.11575,0.715611,0.125029,0.03897,0.00116,0.006674,0.279164,0.622171,0.065293,0.025537,0.001161,2
0.010723,0.131189,0.700662,0.116587,0.040383,0.000456,0.00853,0.283765,0.629514,0.049474,0.02758,0.001137,2
0.004058,0.087569,0.622597,0.217215,0.067706,0.000854,0.002096,0.281709,0.527516,0.15304,0.035639,0.0,2
0.017043,0.165708,0.647639,0.132033,0.03614,0.001437,0.00589,0.248656,0.604097,0.11114,0.029706,0.000512,2
0.015493,0.158438,0.638298,0.149762,0.036563,0.001446,0.005948,0.218516,0.605637,0.141712,0.026894,0.001293,2
0.014145,0.180812,0.634071,0.134276,0.03485,0.001845,0.005345,0.277679,0.574446,0.115042,0.025961,0.001527,2
0.015366,0.178242,0.638804,0.129482,0.037083,0.001024,0.003828,0.269967,0.582802,0.114825,0.026537,0.002041,2
0.011609,0.124585,0.673093,0.153607,0.036277,0.000829,0.004325,0.316968,0.53218,0.117527,0.027728,0.001272,2
0.006524,0.106902,0.670455,0.157618,0.057449,0.001052,0.005426,0.287597,0.55168,0.123256,0.031266,0.000775,2
0.006915,0.11316,0.678751,0.15109,0.049036,0.001048,0.006433,0.296963,0.540659,0.126351,0.028821,0.000772,2
0.007511,0.118298,0.682245,0.148133,0.042771,0.001043,0.004358,0.313766,0.539349,0.112535,0.02948,0.000513,2
0.006864,0.122712,0.672005,0.15703,0.040557,0.000832,0.003317,0.315897,0.533554,0.116867,0.028579,0.001786,2
0.01771,0.162068,0.625824,0.157331,0.035008,0.002059,0.004377,0.233007,0.598095,0.134655,0.028579,0.001287,2
0.015932,0.14939,0.646389,0.150838,0.035382,0.002069,0.00778,0.196836,0.623185,0.14471,0.025674,0.001815,2
0.013215,0.138138,0.682222,0.129052,0.036548,0.000826,0.005337,0.313342,0.551461,0.100127,0.028717,0.001017,2
0.016262,0.164677,0.667353,0.116921,0.034376,0.000412,0.006611,0.302822,0.565472,0.096364,0.027968,0.000763,2
0.014648,0.154116,0.677739,0.116154,0.035692,0.001651,0.004325,0.318748,0.553549,0.095141,0.026711,0.001526,2
0.016805,0.149378,0.654979,0.142116,0.036515,0.000207,0.008854,0.180729,0.659635,0.125521,0.024479,0.000781,2
0.006152,0.099279,0.656555,0.176708,0.060034,0.001273,0.004422,0.287981,0.542664,0.133975,0.030437,0.00052,2
0.013966,0.173958,0.645102,0.131855,0.033682,0.001438,0.004575,0.289273,0.571174,0.109049,0.025165,0.000763,2
0.0148,0.164851,0.630216,0.152107,0.036177,0.00185,0.003594,0.24647,0.593325,0.123748,0.030295,0.002567,2
0.001182,0.175775,0.598227,0.17548,0.048154,0.001182,0.007363,0.129806,0.638669,0.184074,0.040087,0.0,2
0.000929,0.154227,0.641065,0.159182,0.044286,0.00031,0.015126,0.204762,0.656022,0.096359,0.026331,0.001401,2
0.000675,0.084345,0.702429,0.173414,0.037787,0.00135,0.002738,0.107697,0.710678,0.145726,0.031944,0.001217,2
0.005348,0.197564,0.548425,0.20202,0.046049,0.000594,0.005301,0.111886,0.627232,0.216797,0.037946,0.000837,2
0.000887,0.179184,0.599941,0.17534,0.043465,0.001183,0.006269,0.134642,0.651131,0.171436,0.03625,0.000273,2
0.00211,0.141953,0.64557,0.168174,0.040989,0.001206,0.023294,0.189915,0.654426,0.105508,0.02576,0.001096,2
0.000592,0.177376,0.610601,0.165235,0.045899,0.000296,0.007349,0.135275,0.664398,0.160588,0.031845,0.000544,2
0.00157,0.141646,0.657977,0.15044,0.048053,0.000314,0.005392,0.172815,0.681328,0.109251,0.030079,0.001135,2
0.00446,0.206066,0.552186,0.189712,0.046982,0.000595,0.006113,0.107808,0.62434,0.219505,0.041956,0.000278,2
0.000624,0.147802,0.644528,0.163081,0.043966,0.0,0.010431,0.194249,0.659149,0.106569,0.028757,0.000846,2
0.003576,0.191895,0.549166,0.204708,0.05006,0.000596,0.004773,0.117069,0.627176,0.215048,0.035373,0.000561,2
0.000986,0.113412,0.69428,0.151874,0.03879,0.000657,0.002375,0.086969,0.703473,0.169783,0.035916,0.001484,2
0.002119,0.140781,0.662731,0.150772,0.042991,0.000606,0.023698,0.206944,0.642877,0.099752,0.025902,0.000827,2
0.004187,0.180323,0.555622,0.208433,0.050837,0.000598,0.006218,0.109949,0.629734,0.21905,0.0342,0.000848,2
0.002559,0.147153,0.680102,0.127959,0.041267,0.00096,0.002017,0.133429,0.695389,0.137176,0.0317,0.000288,2
0.000887,0.177114,0.593732,0.178297,0.048788,0.001183,0.009009,0.120666,0.637456,0.193557,0.038766,0.000546,2
0.005194,0.159792,0.631531,0.155515,0.046135,0.001833,0.026367,0.219262,0.64474,0.080766,0.028587,0.000278,2
0.000887,0.193081,0.576878,0.17534,0.05204,0.001774,0.006298,0.110898,0.639376,0.203176,0.03724,0.003012,2
0.000893,0.157394,0.636715,0.158881,0.04463,0.001488,0.014375,0.148359,0.649851,0.158123,0.027936,0.001356,2
0.005162,0.156089,0.64379,0.146675,0.047373,0.000911,0.025988,0.218413,0.636716,0.090683,0.027371,0.000829,2
0.002608,0.130747,0.678839,0.144115,0.043039,0.000652,0.001174,0.081033,0.695537,0.1835,0.038755,0.0,2
0.000593,0.169386,0.6283,0.157223,0.043607,0.00089,0.016269,0.142625,0.650759,0.16269,0.026844,0.000813,2
0.000593,0.200178,0.560202,0.186536,0.051305,0.001186,0.006059,0.112366,0.633434,0.210686,0.035527,0.001928,2
0.003267,0.205227,0.555688,0.187704,0.047223,0.000891,0.005798,0.101877,0.639426,0.217283,0.033683,0.001933,2
0.000597,0.141493,0.626866,0.183582,0.047164,0.000299,0.021427,0.165446,0.646596,0.138053,0.026851,0.001627,2
0.002261,0.142765,0.676034,0.138243,0.039729,0.000969,0.002035,0.103779,0.697093,0.161047,0.035756,0.000291,2
0.003673,0.155188,0.64524,0.148454,0.046526,0.000918,0.023385,0.227728,0.639198,0.081292,0.027283,0.001114,2
0.001336,0.097194,0.691717,0.169005,0.040414,0.000334,0.001804,0.09561,0.709561,0.156043,0.036681,0.000301,2
0.000902,0.133835,0.642406,0.175639,0.046617,0.000602,0.020174,0.197383,0.636041,0.120229,0.024809,0.001363,2
0.000298,0.149538,0.626154,0.180518,0.0423,0.001192,0.018975,0.154242,0.658173,0.136351,0.031445,0.000813,2
0.001267,0.150095,0.655161,0.145028,0.047498,0.00095,0.004006,0.146781,0.695279,0.123891,0.029185,0.000858,2
0.001199,0.131295,0.633393,0.18735,0.044964,0.001799,0.022295,0.180261,0.650082,0.11963,0.026101,0.001631,2
0.000592,0.172097,0.618187,0.161434,0.047097,0.000592,0.009791,0.136524,0.662497,0.161273,0.029916,0.0,2
0.002464,0.166615,0.643363,0.142901,0.043733,0.000924,0.017877,0.222626,0.639385,0.091341,0.028492,0.000279,2
0.000754,0.007541,0.086727,0.293741,0.61086,0.000377,0.000739,0.009232,0.091581,0.306869,0.590103,0.001477,0
0.000356,0.029171,0.11206,0.310921,0.546069,0.001423,0.001073,0.025027,0.13157,0.319986,0.520915,0.00143,0
0.0,0.022444,0.104382,0.298539,0.573922,0.000713,0.000712,0.019587,0.10755,0.316239,0.554843,0.001068,0
0.00111,0.012579,0.0936,0.303367,0.587865,0.00148,0.000728,0.007639,0.093125,0.300473,0.597308,0.000728,0
0.001073,0.021452,0.112621,0.336432,0.526993,0.00143,0.001084,0.019877,0.140585,0.338272,0.499458,0.000723,0
0.0,0.011201,0.078022,0.27192,0.636539,0.002317,0.000376,0.011274,0.089816,0.284104,0.612927,0.001503,0
0.001456,0.013105,0.109574,0.312341,0.562796,0.000728,0.001078,0.010417,0.112069,0.315733,0.559626,0.001078,0
0.0,0.022776,0.096797,0.316014,0.563701,0.000712,0.001427,0.017118,0.116976,0.313481,0.550285,0.000713,0
0.000357,0.01965,0.120757,0.309039,0.549839,0.000357,0.001068,0.013177,0.114672,0.320869,0.548433,0.001781,0
0.000748,0.00785,0.085981,0.298692,0.605607,0.001121,0.001098,0.006952,0.098427,0.298573,0.593853,0.001098,0
0.0,0.025853,0.133932,0.329623,0.509874,0.000718,0.001457,0.017844,0.165696,0.348871,0.464676,0.001457,0
0.000357,0.027817,0.115193,0.310271,0.546006,0.000357,0.001437,0.019044,0.130075,0.323392,0.524973,0.001078,0
0.000361,0.013006,0.111994,0.321893,0.551301,0.001445,0.000358,0.01254,0.112863,0.318166,0.55464,0.001433,0
0.002151,0.022947,0.140552,0.328075,0.506275,0.0,0.000363,0.02248,0.162074,0.344815,0.469906,0.000363,0
0.000733,0.01393,0.104839,0.319648,0.559384,0.001466,0.001082,0.010819,0.099171,0.302921,0.584565,0.001442,0
0.001142,0.012177,0.084094,0.265221,0.636606,0.000761,0.001117,0.008563,0.093448,0.294118,0.602383,0.000372,0
0.000359,0.016158,0.114901,0.328905,0.538959,0.000718,0.000714,0.014286,0.112857,0.310714,0.56,0.001429,0
0.000381,0.033931,0.188715,0.308807,0.465879,0.002287,0.002342,0.030445,0.189696,0.314208,0.46331,0.0,0
0.001085,0.004881,0.112256,0.321041,0.559111,0.001627,0.0,0.008074,0.11534,0.303922,0.570358,0.002307,0
0.0,0.009046,0.147897,0.359114,0.481682,0.002261,0.000938,0.005157,0.132208,0.345054,0.514768,0.001875,0
0.001082,0.024522,0.143887,0.334295,0.496213,0.0,0.000733,0.023094,0.162757,0.329912,0.482771,0.000733,0
0.001209,0.008464,0.188231,0.3289,0.472793,0.000403,0.001229,0.013519,0.183122,0.342073,0.45719,0.002868,0
0.000387,0.028627,0.159768,0.335783,0.47234,0.003095,0.00079,0.023687,0.190683,0.324911,0.45756,0.002369,0
0.000373,0.027996,0.204181,0.320269,0.445689,0.001493,0.001907,0.033944,0.220824,0.320366,0.421053,0.001907,0
0.000816,0.0102,0.220318,0.319461,0.44594,0.003264,0.0,0.014602,0.221527,0.330413,0.432624,0.000834,0
0.001508,0.034691,0.194193,0.326169,0.443439,0.0,0.000386,0.042471,0.204633,0.316216,0.436293,0.0,0
0.001178,0.018853,0.17557,0.316968,0.486253,0.001178,0.0,0.021591,0.178729,0.328669,0.470212,0.0008,0
0.0,0.005783,0.111462,0.323344,0.557834,0.001577,0.001664,0.006656,0.108708,0.329451,0.550194,0.003328,0
0.000414,0.012417,0.192053,0.32947,0.463576,0.00207,0.0,0.015691,0.206107,0.345632,0.432146,0.000424,0
0.001935,0.008708,0.145138,0.355588,0.483309,0.005322,0.000507,0.010142,0.121197,0.379817,0.48783,0.000507,0
0.000741,0.023333,0.14963,0.335556,0.488889,0.001852,0.000754,0.03092,0.180618,0.315234,0.471342,0.001131,0
0.000463,0.009713,0.166975,0.363552,0.457909,0.001388,0.000482,0.006744,0.153179,0.353565,0.485549,0.000482,0
0.000992,0.00744,0.12996,0.347222,0.513393,0.000992,0.000521,0.007299,0.126694,0.340459,0.522941,0.002086,0
0.0,0.004599,0.131834,0.342872,0.520184,0.000511,0.001076,0.004306,0.135091,0.321313,0.534446,0.003767,0
0.000855,0.011538,0.183761,0.333761,0.468803,0.001282,0.000882,0.007496,0.170635,0.343034,0.476631,0.001323,0
0.001329,0.012406,0.17191,0.347364,0.463447,0.003545,0.001377,0.00551,0.147842,0.336088,0.507805,0.001377,0
0.000724,0.023542,0.170228,0.327055,0.477363,0.001087,0.000368,0.02465,0.176233,0.343635,0.45401,0.001104,0
0.001677,0.009503,0.126887,0.320291,0.539966,0.001677,0.0,0.009541,0.115086,0.321407,0.553369,0.000596,0
0.000397,0.013116,0.18124,0.316375,0.487281,0.00159,0.001214,0.013355,0.190206,0.320923,0.473493,0.000809,0
0.0,0.010879,0.179721,0.338555,0.468668,0.002176,0.000897,0.009417,0.167713,0.335874,0.484753,0.001345,0
0.000729,0.02479,0.15895,0.34269,0.471017,0.001823,0.000742,0.024119,0.17885,0.33692,0.457514,0.001855,0
0.000843,0.010535,0.176991,0.324062,0.484619,0.00295,0.00129,0.010753,0.16,0.339785,0.486022,0.002151,0
0.001418,0.008507,0.146503,0.364839,0.476843,0.00189,0.00148,0.0074,0.141095,0.341885,0.507647,0.000493,0
0.001468,0.02055,0.165505,0.315229,0.49578,0.001468,0.00075,0.022872,0.170229,0.336708,0.466817,0.002625,0
0.000579,0.010423,0.13839,0.329473,0.519977,0.001158,0.001248,0.005618,0.135456,0.320225,0.536829,0.000624,0
0.001206,0.008439,0.152502,0.349005,0.486438,0.002411,0.0,0.011118,0.163506,0.330935,0.493133,0.001308,0
0.006998,0.072778,0.303709,0.375087,0.241428,0.0,0.004973,0.102122,0.331565,0.344164,0.216844,0.000332,0
0.009574,0.101064,0.372695,0.350355,0.165957,0.000355,0.00897,0.119601,0.376412,0.317608,0.176744,0.000664,0
0.002479,0.066218,0.328612,0.372167,0.229108,0.001416,0.003833,0.085714,0.283624,0.333798,0.291638,0.001394,0
0.010912,0.073214,0.306934,0.383668,0.224921,0.000352,0.005952,0.111111,0.328704,0.349537,0.204696,0.0,0
0.008605,0.117246,0.371101,0.33166,0.171029,0.000359,0.011375,0.124791,0.356306,0.313817,0.193376,0.000335,0
0.006577,0.110705,0.36646,0.322616,0.192912,0.000731,0.00743,0.116515,0.349206,0.326917,0.199257,0.000675,0
0.001131,0.06825,0.346908,0.359729,0.223605,0.000377,0.004148,0.090909,0.370204,0.336675,0.197719,0.000346,0
0.001163,0.049632,0.362156,0.382319,0.204343,0.000388,0.00319,0.079759,0.384615,0.328607,0.203828,0.0,0
0.000394,0.037825,0.36643,0.371158,0.223404,0.000788,0.00108,0.053655,0.388189,0.352899,0.204177,0.0,0
0.01264,0.113759,0.368003,0.331166,0.173348,0.001083,0.01071,0.125837,0.345716,0.313588,0.201807,0.002343,0
0.000382,0.050841,0.373089,0.368119,0.207187,0.000382,0.004549,0.082925,0.39958,0.322253,0.189643,0.00105,0
0.000399,0.046289,0.32921,0.385076,0.238627,0.000399,0.0,0.043462,0.374361,0.360117,0.220964,0.001096,0
0.006329,0.077066,0.350707,0.357409,0.207744,0.000745,0.007184,0.088608,0.357852,0.349641,0.196374,0.000342,0
0.012134,0.103854,0.392577,0.337973,0.153105,0.000357,0.00867,0.122708,0.356452,0.32144,0.190397,0.000333,0
0.004422,0.092852,0.356301,0.337509,0.208917,0.0,0.007155,0.102896,0.340375,0.346508,0.203066,0.0,0
0.0,0.019833,0.219903,0.388657,0.370912,0.000696,0.000927,0.031221,0.257805,0.370015,0.339722,0.000309,0
0.001336,0.019699,0.219699,0.403339,0.353923,0.002003,0.002069,0.029551,0.227837,0.375887,0.364066,0.000591,0
0.000356,0.021368,0.192664,0.394231,0.39067,0.000712,0.001573,0.035231,0.218937,0.377477,0.364895,0.001887,0
0.000678,0.020353,0.211669,0.389417,0.375848,0.002035,0.001208,0.035024,0.219505,0.374698,0.368961,0.000604,0
0.000337,0.023946,0.202361,0.392917,0.378752,0.001686,0.000598,0.033493,0.221292,0.369916,0.374402,0.000299,0
0.000667,0.020667,0.197,0.411667,0.368667,0.001333,0.002054,0.031103,0.225939,0.372653,0.367371,0.00088,0
0.000995,0.025539,0.223549,0.405638,0.342289,0.00199,0.001463,0.040667,0.240492,0.360445,0.356349,0.000585,0
0.001035,0.027251,0.219386,0.385305,0.367023,0.0,0.000613,0.029412,0.250919,0.380821,0.337929,0.000306,0
0.001659,0.031188,0.245853,0.389184,0.331785,0.000332,0.002625,0.049286,0.236804,0.358414,0.352581,0.000292,0
0.002161,0.027728,0.187252,0.390349,0.39215,0.00036,0.001271,0.032094,0.217668,0.370194,0.377502,0.001271,0
0.000671,0.021819,0.19906,0.383014,0.395099,0.000336,0.000297,0.028809,0.194238,0.393228,0.38313,0.000297,0
0.000342,0.024607,0.205058,0.390636,0.378674,0.000684,0.000305,0.025899,0.226082,0.384217,0.362888,0.000609,0
0.001093,0.032787,0.204372,0.371585,0.388707,0.001457,0.002252,0.033773,0.191702,0.374397,0.397877,0.0,0
0.00274,0.058904,0.332192,0.363699,0.241096,0.00137,0.005289,0.078096,0.317673,0.349098,0.248911,0.000933,0
0.0017,0.056103,0.33322,0.357361,0.249915,0.0017,0.00401,0.080506,0.325108,0.33467,0.254781,0.000925,0
0.001324,0.036743,0.252896,0.385965,0.320755,0.002317,0.003485,0.056637,0.276793,0.349985,0.312228,0.000871,0
0.00099,0.052823,0.294817,0.37273,0.27831,0.00033,0.004698,0.067528,0.321491,0.343805,0.261304,0.001174,0
0.001475,0.033186,0.361726,0.368363,0.234882,0.000369,0.001348,0.0364,0.387597,0.367037,0.20728,0.000337,0
0.001436,0.043073,0.357143,0.382268,0.215721,0.000359,0.000986,0.057838,0.395005,0.35557,0.188958,0.001643,0
0.002326,0.037222,0.259887,0.380525,0.319375,0.000665,0.004058,0.054783,0.274203,0.364348,0.302029,0.00058,0
0.002491,0.064413,0.369395,0.359075,0.204626,0.0,0.003567,0.074578,0.405966,0.335603,0.179637,0.000649,0
0.001662,0.037886,0.271851,0.370887,0.317049,0.000665,0.002903,0.058345,0.276923,0.354717,0.305951,0.001161,0
0.000998,0.036249,0.240439,0.398404,0.323578,0.000333,0.004655,0.051207,0.249927,0.356125,0.337504,0.000582,0
0.001322,0.042961,0.256775,0.38698,0.311633,0.00033,0.003793,0.063029,0.283046,0.359498,0.29005,0.000584,0
0.000363,0.033055,0.369415,0.379586,0.216854,0.000726,0.000333,0.053982,0.395868,0.350883,0.197601,0.001333,0
0.004187,0.08374,0.375785,0.339846,0.195394,0.001047,0.00855,0.076314,0.386004,0.322039,0.205193,0.0019,0
0.00152,0.026226,0.356138,0.384265,0.231471,0.00038,0.000348,0.031674,0.361991,0.382875,0.222068,0.001044,0
0.002674,0.041778,0.330214,0.364973,0.259693,0.000668,0.004822,0.075347,0.307715,0.357143,0.254973,0.0,0
0.001321,0.040304,0.242154,0.398084,0.317476,0.000661,0.005522,0.058994,0.28422,0.349317,0.301656,0.000291,0
0.001986,0.046673,0.294935,0.387951,0.267461,0.000993,0.005608,0.066116,0.294274,0.368654,0.264758,0.00059,0
0.002016,0.050403,0.316532,0.382056,0.24832,0.000672,0.002734,0.073815,0.311361,0.347509,0.264277,0.000304,0
0.0,0.032959,0.373783,0.364045,0.229213,0.0,0.002401,0.034648,0.377702,0.380446,0.20446,0.000343,0
0.002983,0.033477,0.260855,0.374544,0.327146,0.000994,0.003767,0.054477,0.266879,0.372066,0.301941,0.000869,0
0.003459,0.06918,0.354203,0.35697,0.214113,0.002075,0.006598,0.077286,0.365379,0.349356,0.200126,0.001257,0
0.000771,0.030081,0.373313,0.38064,0.214423,0.000771,0.00142,0.029819,0.351438,0.395456,0.221512,0.000355,0
0.002672,0.039078,0.330995,0.367401,0.257849,0.002004,0.005384,0.078373,0.325755,0.340712,0.249776,0.0,0
0.001017,0.049136,0.349034,0.359539,0.240258,0.001017,0.007339,0.078287,0.325076,0.339144,0.249541,0.000612,0
0.005977,0.072433,0.381153,0.338256,0.201828,0.000352,0.003856,0.073907,0.405527,0.327121,0.189267,0.000321,0
0.001661,0.046512,0.304651,0.375083,0.270764,0.001329,0.004456,0.068925,0.306595,0.350862,0.268271,0.000891,0
0.002325,0.150163,0.333333,0.285449,0.228266,0.000465,0.001511,0.103275,0.370781,0.318388,0.203526,0.002519,0
0.005084,0.163701,0.320285,0.280122,0.229792,0.001017,0.0,0.113082,0.335366,0.3398,0.211197,0.000554,0
0.005908,0.151157,0.312654,0.295913,0.233383,0.000985,0.001072,0.095927,0.353698,0.329582,0.219721,0.0,0
0.003159,0.157942,0.331679,0.294224,0.212545,0.000451,0.002946,0.090329,0.359843,0.32106,0.22435,0.001473,0
0.003362,0.15562,0.31268,0.290586,0.236792,0.000961,0.002589,0.095805,0.356292,0.349042,0.195753,0.000518,0
0.002572,0.097722,0.365907,0.30676,0.226672,0.000367,0.005282,0.088176,0.376676,0.300284,0.229175,0.000406,0
0.004731,0.153978,0.368172,0.289462,0.183226,0.00043,0.00235,0.093985,0.368421,0.320019,0.214756,0.00047,0
0.005967,0.106704,0.32292,0.326079,0.238329,0.0,0.002717,0.093944,0.317547,0.326475,0.259317,0.0,0
0.007863,0.095425,0.359543,0.30629,0.230522,0.000357,0.011499,0.10904,0.319984,0.323553,0.235527,0.000397,0
0.002219,0.102441,0.35318,0.31324,0.22855,0.00037,0.002463,0.069376,0.369048,0.317734,0.240969,0.000411,0
0.004189,0.140762,0.386678,0.28739,0.180561,0.000419,0.00138,0.087397,0.356946,0.322447,0.231831,0.0,0
0.005278,0.107319,0.325123,0.305771,0.255806,0.000704,0.005066,0.100935,0.326968,0.318784,0.247077,0.001169,0
0.003268,0.098039,0.356572,0.318809,0.222948,0.000363,0.005225,0.096061,0.357315,0.317122,0.223473,0.000804,0
0.005925,0.104915,0.363193,0.304984,0.219589,0.001394,0.002331,0.103341,0.316239,0.320901,0.257187,0.0,0
0.008008,0.119081,0.362813,0.295613,0.21344,0.001045,0.005407,0.122441,0.344535,0.295095,0.232136,0.000386,0
0.001942,0.107961,0.359612,0.310291,0.219806,0.000388,0.002581,0.072258,0.374194,0.341935,0.208172,0.00086,0
0.003435,0.081298,0.352672,0.326718,0.235496,0.000382,0.001274,0.070913,0.370276,0.333333,0.224204,0.0,0
0.010269,0.107649,0.359419,0.295326,0.226629,0.000708,0.010188,0.128918,0.316614,0.308386,0.23511,0.000784,0
0.001639,0.140516,0.378943,0.310938,0.166325,0.001639,0.001356,0.084539,0.386076,0.314195,0.212929,0.000904,0
0.010939,0.128088,0.368737,0.295342,0.196542,0.000353,0.012896,0.126612,0.334896,0.305979,0.219617,0.0,0
0.013291,0.135012,0.372158,0.284715,0.194474,0.00035,0.009339,0.123735,0.333074,0.297276,0.235798,0.000778,0
0.003956,0.135824,0.341538,0.308571,0.208791,0.001319,0.002398,0.086811,0.35012,0.331894,0.228297,0.00048,0
0.006954,0.12274,0.359527,0.306676,0.204103,0.0,0.002314,0.110683,0.322792,0.314308,0.249132,0.000771,0
0.008711,0.134843,0.374564,0.284321,0.196516,0.001045,0.010465,0.115504,0.342636,0.299612,0.231783,0.0,0
0.003549,0.112382,0.369874,0.320584,0.192823,0.000789,0.001751,0.084902,0.357987,0.336543,0.217943,0.000875,0
0.003617,0.121785,0.384244,0.307878,0.181672,0.000804,0.001779,0.082295,0.378559,0.320285,0.216192,0.00089,0
0.010977,0.105602,0.313399,0.322483,0.246404,0.001136,0.00409,0.107566,0.327198,0.310429,0.249898,0.000818,0
0.00299,0.081839,0.362108,0.323617,0.229447,0.0,0.000831,0.070627,0.373909,0.320316,0.233901,0.000415,0
0.01138,0.11202,0.357397,0.299075,0.218706,0.001422,0.00946,0.12771,0.327552,0.307056,0.22704,0.001182,0
0.000755,0.068353,0.36065,0.33497,0.235272,0.0,0.001679,0.073017,0.383131,0.32606,0.215695,0.00042,0
0.00361,0.100361,0.356318,0.322022,0.217329,0.000361,0.007203,0.108043,0.361345,0.309324,0.213285,0.0008,0
0.007454,0.113306,0.305628,0.329109,0.243384,0.001118,0.003669,0.100285,0.352222,0.303302,0.239299,0.001223,0
0.010798,0.111111,0.351097,0.314873,0.212121,0.0,0.006597,0.112534,0.33993,0.300737,0.239426,0.000776,0
0.000667,0.043362,0.344229,0.337558,0.273849,0.000334,0.000708,0.033982,0.31646,0.333451,0.314336,0.001062,0
0.001294,0.044308,0.257115,0.332794,0.363519,0.00097,0.002365,0.038176,0.240878,0.346959,0.37027,0.001351,0
0.000341,0.040928,0.340382,0.342769,0.274898,0.000682,0.000732,0.036603,0.353587,0.325769,0.282943,0.000366,0
0.000663,0.046088,0.346817,0.328912,0.276857,0.000663,0.001055,0.033415,0.313401,0.323954,0.327119,0.001055,0
0.001324,0.035738,0.281932,0.334216,0.345467,0.001324,0.001022,0.031346,0.281772,0.31891,0.365928,0.001022,0
0.00099,0.043249,0.32552,0.357874,0.271707,0.00066,0.001041,0.034698,0.301527,0.33796,0.323387,0.001388,0
0.001673,0.043827,0.282703,0.325861,0.345935,0.0,0.001022,0.035446,0.268234,0.336401,0.356169,0.002727,0
0.000346,0.044621,0.332757,0.328606,0.292978,0.000692,0.000373,0.033607,0.370799,0.311053,0.283047,0.00112,0
0.00036,0.027397,0.319034,0.339221,0.312185,0.001802,0.0,0.033136,0.326233,0.321105,0.318738,0.000789,0
0.00098,0.035598,0.24853,0.343566,0.370673,0.000653,0.001017,0.032214,0.266192,0.329942,0.369617,0.001017,0
0.000686,0.036707,0.341681,0.325901,0.294683,0.000343,0.001478,0.034725,0.367935,0.319173,0.27669,0.0,0
0.001972,0.041078,0.266842,0.33881,0.350641,0.000657,0.001361,0.033673,0.269388,0.342857,0.35102,0.001701,0
0.001331,0.040585,0.274784,0.341983,0.339987,0.001331,0.0,0.033788,0.257679,0.329352,0.37884,0.000341,0
0.001343,0.032572,0.279046,0.329416,0.356615,0.001007,0.000341,0.033788,0.254949,0.329352,0.380546,0.001024,0
0.000339,0.045024,0.343602,0.325999,0.284699,0.000339,0.000362,0.032188,0.333454,0.326221,0.307052,0.000723,0
0.00141,0.039845,0.319464,0.340268,0.298307,0.000705,0.001152,0.03533,0.373272,0.309524,0.279954,0.000768,0
0.001639,0.042937,0.303507,0.35726,0.294657,0.0,0.000685,0.032203,0.282974,0.337444,0.346694,0.0,0
0.002024,0.034076,0.259109,0.328273,0.376181,0.000337,0.001716,0.033299,0.242705,0.336766,0.385513,0.0,0
0.001068,0.03312,0.316952,0.34188,0.305556,0.001425,0.000778,0.031493,0.349533,0.324261,0.291991,0.001944,0
0.001017,0.028126,0.247374,0.333107,0.389021,0.001355,0.001036,0.026243,0.233425,0.340815,0.397445,0.001036,0
0.001298,0.037975,0.247322,0.346641,0.365466,0.001298,0.001016,0.032171,0.247206,0.349475,0.369455,0.000677,0
0.003247,0.048052,0.275325,0.348377,0.323052,0.001948,0.000679,0.032915,0.267051,0.358331,0.340007,0.001018,0
0.002283,0.046967,0.287997,0.354207,0.307893,0.000652,0.00034,0.034729,0.274089,0.341505,0.347974,0.001362,0
0.001745,0.038381,0.327285,0.334962,0.297278,0.000349,0.001513,0.029512,0.36171,0.321226,0.284525,0.001513,0
0.000672,0.045057,0.335575,0.345662,0.272697,0.000336,0.001789,0.037209,0.328444,0.331306,0.299821,0.001431,0
0.003555,0.049451,0.251778,0.340336,0.354234,0.000646,0.000677,0.032837,0.262356,0.34868,0.353419,0.002031,0
0.000681,0.032005,0.240041,0.33776,0.388151,0.001362,0.001391,0.036161,0.235049,0.334492,0.391864,0.001043,0
0.000972,0.035957,0.252349,0.348558,0.36184,0.000324,0.002364,0.03715,0.241135,0.353597,0.364404,0.001351,0
0.002044,0.03985,0.219687,0.347071,0.390668,0.000681,0.0007,0.040616,0.234944,0.333683,0.389006,0.00105,0
0.001976,0.039183,0.333224,0.350675,0.273955,0.000988,0.000345,0.03208,0.286651,0.341497,0.337703,0.001725,0
0.000429,0.034749,0.323466,0.356928,0.282711,0.001716,0.0,0.031411,0.30661,0.35865,0.301922,0.001406,0
0.000819,0.031109,0.324601,0.360213,0.28244,0.000819,0.0,0.034837,0.298794,0.338991,0.325145,0.002233,0
0.000379,0.02234,0.307081,0.358198,0.310488,0.001515,0.000415,0.022425,0.317691,0.318522,0.340532,0.000415,0
0.00118,0.02439,0.303698,0.374902,0.29465,0.00118,0.00043,0.027108,0.317556,0.336059,0.316265,0.002582,0
0.0,0.03142,0.323419,0.368664,0.27566,0.000838,0.0,0.031579,0.306636,0.345995,0.314416,0.001373,0
0.002198,0.029451,0.316484,0.352088,0.298022,0.001758,0.001446,0.024108,0.291225,0.364995,0.316297,0.001929,0
0.000366,0.026711,0.311745,0.35419,0.305525,0.001464,0.0,0.027733,0.309084,0.35008,0.312299,0.000804,0
0.0,0.025029,0.28918,0.367347,0.318059,0.000385,0.001265,0.017714,0.296921,0.350485,0.332771,0.000844,0
0.001201,0.030036,0.317581,0.362034,0.288346,0.000801,0.000438,0.031072,0.3186,0.334792,0.31291,0.002188,0
0.0,0.025651,0.306691,0.365799,0.301487,0.000372,0.000408,0.023246,0.305465,0.349918,0.320555,0.000408,0
0.000903,0.040199,0.297651,0.351852,0.308491,0.000903,0.00198,0.024257,0.288119,0.361386,0.323267,0.00099,0
